Workbook

Sheet Нагрузка по категориям
A1: Категория пользователей | C1: Базовый режим | F1: Пиковый режим нагрузки
A2: Клиенты eDA : мобильное приложение/веб, одновременных сессий | B2: 0.1 | C2: 80000 | D2: =C2/C$6 -> 0.95408468 | E2: =C2*B2 -> 8000 | F2: 400000 | G2: =F2/F$6 -> 0.95923261 | H2: =F2*B2 -> 40000
A3: Внешние службы доставки : API-агенты, активных интеграций | B3: 2 | C3: 750 | D3: =C3/C$6 -> 0.0089445438 | E3: =C3*B3 -> 1500 | F3: 4000 | G3: =F3/F$6 -> 0.0095923261 | H3: =F3*B3 -> 8000
A4: Сотрудники торговых залов : ТСД, терминалов | B4: 0.2 | C4: 2500 | D4: =C4/C$6 -> 0.029815146 | E4: =C4*B4 -> 500 | F4: 10000 | G4: =F4/F$6 -> 0.023980815 | H4: =F4*B4 -> 2000
A5: Параллельные операции резервирования [1], активных сессий | B5: 6 | C5: 600 | D5: =C5/C$6 -> 0.0071556351 | E5: =C5/B5 -> 100 | F5: 3000 | G5: =F5/F$6 -> 0.0071942446 | H5: =F5/B5 -> 500
A6: Итого конкурентных сессий | C6: =SUM(C2:C5) -> 83850 | E6: =SUM(E2:E4) -> 10000 | F6: =SUM(F2:F5) -> 417000 | H6: =SUM(H2:H4) -> 50000
A7: Коэффициент событий на один пользовательский запрос | B7: 0.1
A8: Расчетный поток событий (EPS) | E8: =E6*B7 -> 1000 | H8: =H6*B7 -> 5000

Sheet Redis
A1: Метрика | B1: Базовый режим | C1: Пиковый режим
A2: Запросы чтения (Query API), RPS | B2: 10000 | C2: 50000
A3: Коэффициент попаданий в кэш (целевой) | B3: 0.85 | C3: 0.85
A4: Операции чтения Redis, OPS | B4: =B2*B3 -> 8500 | C4: =C2*C3 -> 42500
A5: Коэффициент hot SKU | B5: 1.75 | C5: 2
A6: Реальная нагрузка Redis (read), OPS | B6: =B4*B5 -> 14875 | C6: =C4*C5 -> 85000
A7: Worst-case нагрузка (Read), RPS | B7: =B6*1.3 -> 19337.5 | C7: =C6*1.3 -> 110500
A8: Транзакции резервирования, TPS | B8: 100 | C8: 500
A9: События записи (Write Stream), EPS | B9: ='Нагрузка по категориям'!E8 -> 1000 | C9: ='Нагрузка по категориям'!H8 -> 5000
A10: Доля событий, приводящих к записи в Redis | B10: 0.8 | C10: 0.8
A11: Размер типичного ключа, байт | B11: 40 | C11: 40
A12: Размер типичного значения, байт | B12: 200 | C12: 200
A13: Накладные расходы на трафик | B13: 1.1 | C13: 1.1
A14: Трафик чтения, МБ/с | B14: =B6*(B11+B12)*B13/1024^2 -> 3.745079 | C14: =C6*(C11+C12)*C13/1024^2 -> 21.400452
A15: Трафик записи, МБ/с | B15: =(B8+B9*B10)*(B11+B12)*B13/1024^2 -> 0.22659302 | C15: =(C8+C9*C10)*(C11+C12)*C13/1024^2 -> 1.1329651

Sheet PgSQL
A1: Метрика | B1: Базовый режим | C1: Пиковый режим
A2: Запись неизменяемых событий (append-only), EPS | B2: ='Нагрузка по категориям'!E8 -> 1000 | C2: ='Нагрузка по категориям'!H8 -> 5000
A3: Размер события (полезные данные + метаданные) | B3: 500 | C3: 500
A4: Объем записи в WAL, МБ/с | B4: =B2*B3/1024^2 -> 0.47683716 | C4: =C2*C3/1024^2 -> 2.3841858
A5: Объем за сутки, ГБ | B5: =B4*24*3600/1024 -> 40.233135 | C5: =C4*24*3600/1024 -> 201.16568
A6: Оценка write IOPS (верхняя граница, без учета group commit) | B6: 1000 | C6: 5000
A7: Требование к задержке fsync | B7: 5 | C7: 5
A8: Примечание : IOPS не выводится напрямую из EPS; основным показателем является поток WAL и latency fsync | B8: 1000 | C8: 5000

Sheet Kafka
A1: Метрика | B1: Базовый режим | C1: Пиковый режим
A2: Скорость поступления сообщений в систему (inventory.events), MPS | B2: ='Нагрузка по категориям'!E8 -> 1000 | C2: ='Нагрузка по категориям'!H8 -> 5000
A3: Коэффициент репликации | B3: 3 | C3: 3
A4: Фактическая запись на диски, MPS | B4: =B2*B3 -> 3000 | C4: =C2*C3 -> 15000
A5: Размер серилизованного сообщения (в формате Avro) | B5: 1 | C5: 1
A6: network overhead | B6: 1.4 | C6: 1.4
A7: Трафик между брокерами, МБ/с | B7: =B4*B5/1000*B6 -> 4.2 | C7: =C4*C5/1000*C6 -> 21
A8: Consumer groups (потребители) | B8: 4 | C8: 4
A9: Суммарная скорость чтения (всех consumer-групп), MPS | B9: =B2*B8 -> 4000 | C9: =C2*C8 -> 20000
A10: Коэффициент эксплуатационного запаса | B10: 1.3 | C10: 1.5
A11: Суммарная эксплуатационная нагрузка, MPS | B11: =B9*B10 -> 5200 | C11: =C9*C10 -> 30000

Sheet OLTP
A1: Метрика | C1: Базовый режим | D1: Пиковый режим
A2: Новые резервы (INSERT), TPS | C2: 100 | D2: 500
A3: Обновления статусов (UPDATE), TPS | B3: 0.5 | C3: =C2*$B3 -> 50 | D3: =D2*$B3 -> 250
A4: Проверки лимитов (SELECT), TPS | B4: 2 | C4: =C2*$B4 -> 200 | D4: =D2*$B4 -> 1000
A5: Коэффициент конкурентных блокировок | C5: 3
A6: Активных блокировок в Redis (одновременно) | B6: 5 | C6: =C2*$B6*$C5 -> 1500 | D6: =D2*$B6*$C5 -> 7500
A7: Коэффициент hot SKU | C7: 1.75 | D7: 2
A8: Конфликты активных блокировок в Redis | C8: =C6*C7 -> 2625 | D8: =D6*D7 -> 15000
A9: Запись таблицы резервирования, байт | C9: 400
A10: Размер таблицы РЕЗЕРВЫ, ГБ | B10: 15 | C10: =C2*$C9*$B10*60/1024^2 -> 34.332275 | D10: =D2*$C9*$B10*60/1024^2 -> 171.66138

Sheet Гео-поиск
A1: Метрика | C1: Базовый режим | D1: Пиковый режим
A2: Запросы чтения (Query API), RPS | C2: 10000 | D2: 50000
A3: Доля Geo-запросов в общем объеме запросов | C3: 0.1
A4: Запросы геопоиска (5 км, до 20 магазинов), RPS | C4: =C2*$C3 -> 1000 | D4: =D2*$C3 -> 5000
A5: Latency требование (p99), мс | C5: 200
A6: Количество одновременных запросов | C6: =C4*$C5/1000 -> 200 | D6: =D4*$C5/1000 -> 1000
A7: Операций чтения из Гео-индекс | B7: 4 | C7: =C4*$B7 -> 4000 | D7: =D4*$B7 -> 20000
A8: Последующих проверок наличия (MGET в Redis), ключей | B8: 20 | C8: =C4*$B8 -> 20000 | D8: =D4*$B8 -> 100000
A9: Коэффициент hot SKU | C9: 1.75 | D9: 2
A10: Массовый одновременный запрос популярных SKU, ключей | C10: =C8*C9 -> 35000 | D10: =D8*D9 -> 200000

Sheet Расчет параметров
B1: Пиковая нагрузка | D1: Допущение | E1: Принимаем | F1: Фактор резерва | H1: Расчет | I1: Итог
A2: Сервис Запросов | B2: 50000 | C2: RPS | D2: 1 инстанс = 2 000–3 000 RPS | E2: 2500 | F2: 1.5 | G2: Инстансов | H2: =B2/E2*F2 -> 30 | I2: =H2 -> 30
A3: Распределенный кэш Redis (read + write) | B3: 85000 | C3: OPS | D3: 1 master node = до 8 000–10 000 OPS | E3: 9000 | F3: 1.5 | G3: Узлов | H3: =(B3+B4)/E3*F3 -> 15.083333 | I3: 16
B4: 5500
A5: Worst-case Redis (hot SKU + burst) | B5: =B3*1.3 -> 110500 | C5: OPS | E5: 9000 | F5: 1.5 | G5: Узлов | H5: =(B5+B6)/E5*F5 -> 19.25 | I5: 20 | J5: Дополнительный burst 30% поверх нагрузки hot SKU
A6: Event Bus (Kafka) | B6: 5000 | C6: MPS | D6: 1 партиция = 500–1 000 MPS | E6: 800 | F6: 1.3 | G6: Партиций | H6: =B6/E6*F6 -> 8.125 | I6: 9-12
B7: 3 | C7: Фактор резерва
A8: Загрузчик моделей чтения | B8: 5000 | C8: EPS | D8: 1 инстанс = 400–600 EPS | E8: 500 | F8: 1.2 | G8: Инстансов | H8: =B8/E8*F8 -> 12 | I8: 12
A9: Сервис резервирования | B9: 500 | C9: TPS | D9: 1 инстанс = 150–250 TPS | E9: 200 | F9: 1.5 | G9: Инстансов | H9: =B9/E9*F9 -> 3.75 | I9: 4
A10: Гео-сервис | B10: 5000 | C10: RPS | D10: 1 instance = ~1 000 RPS | E10: 1000 | F10: 1.3 | G10: Инстансов | H10: =B10/E10*F10 -> 6.5 | I10: 7
B11: 20 | C11: мультиплаикатор, ключей
A12: Примечание по единицам измерения
A13: RPS — пользовательские запросы в секунду
A14: TPS — бизнес-транзакции в секунду
A15: EPS / msg/s — события в секунду
A16: OPS — операции в секунду на инфраструктурный компонент

Sheet Расчет ресурсов
A1: Компонент | B1: CPU (cores) | C1: RAM (GB) | D1: SSD (TB) | E1: Инстансы | F1: Итого CPU | G1: Итого RAM | H1: Итого SSD
A2: Сервис запросов | B2: 2 | C2: 4 | D2: 0.05 | E2: ='Расчет параметров'!I2 -> 30 | F2: =B2*E2 -> 60 | G2: =C2*E2 -> 120 | H2: =D2*E2 -> 1.5
A3: Сервис резерва | B3: 4 | C3: 8 | D3: 0.1 | E3: ='Расчет параметров'!I9 -> 4 | F3: =B3*E3 -> 16 | G3: =C3*E3 -> 32 | H3: =D3*E3 -> 0.4
A4: Сервис комманд | B4: 2 | C4: 4 | D4: 0.05 | E4: 6 | F4: =B4*E4 -> 12 | G4: =C4*E4 -> 24 | H4: =D4*E4 -> 0.3
A5: Загрузчик моделей чтения | B5: 2 | C5: 4 | D5: 0.1 | E5: ='Расчет параметров'!I8 -> 12 | F5: =B5*E5 -> 24 | G5: =C5*E5 -> 48 | H5: =D5*E5 -> 1.2
A6: Гео-сервис | B6: 2 | C6: 4 | D6: 0.05 | E6: ='Расчет параметров'!I10 -> 7 | F6: =B6*E6 -> 14 | G6: =C6*E6 -> 28 | H6: =D6*E6 -> 0.35
A7: Адаптеры (POS/WMS/OMS) | B7: 1 | C7: 2 | D7: 0.05 | E7: 12 | F7: =B7*E7 -> 12 | G7: =C7*E7 -> 24 | H7: =D7*E7 -> 0.6
A8: Распределенный кеш
A9: - мастер-ноды | B9: 4 | C9: 32 | D9: 0.2 | E9: 8 | F9: =B9*E9 -> 32 | G9: =C9*E9 -> 256 | H9: =D9*E9 -> 1.6
A10: - реплики | B10: 4 | C10: 64 | D10: 0.2 | E10: 8 | F10: =B10*E10 -> 32 | G10: =C10*E10 -> 512 | H10: =D10*E10 -> 1.6
A11: PostgreSQL хранилища событий (конфигурация отказоустойчивости)
A12: - мастер | B12: 16 | C12: 64 | D12: 2 | E12: 1 | F12: =B12*E12 -> 16 | G12: =C12*E12 -> 64 | H12: =D12*E12 -> 2 | I12: Конфигурация принята исходя из требований отказоустойчивости, а не только из расчетной TPS-нагрузки
A13: - реплики | B13: 8 | C13: 32 | D13: 2 | E13: 3 | F13: =B13*E13 -> 24 | G13: =C13*E13 -> 96 | H13: =D13*E13 -> 6
A14: Kafka
A15: - брокеры (для 9–12 партиций) | B15: 16 | C15: 32 | D15: 4 | E15: 6 | F15: =B15*E15 -> 96 | G15: =C15*E15 -> 192 | H15: =D15*E15 -> 24 | I15: Количество брокеров определено исходя из 9–12 партиций и replication factor
A16: Хранилище модели чтения (MongoDB) | B16: 8 | C16: 16 | D16: 0.5 | E16: 3 | F16: =B16*E16 -> 24 | G16: =C16*E16 -> 48 | H16: =D16*E16 -> 1.5
A18: Итого | B18: -- | C18: -- | D18: -- | E18: -- | F18: =SUM(F2:F17) -> 362 | G18: =SUM(G2:G17) -> 1444 | H18: =SUM(H2:H17) -> 41.05
A19: Запас (+30%) | B19: -- | C19: -- | D19: -- | E19: -- | F19: =ROUNDUP(F18*1.3,0) -> 471 | G19: =ROUNDUP(G18*1.3,0) -> 1878 | H19: =ROUNDUP(H18*1.3,0) -> 54
